company_name,company_website,company_size,industry,contact_name,contact_email,contact_phone,contact_title,notes
A & A GENPRO INC.,https://www.aagenpro.com/,,Generator/Electrical Services,,,(713) 830-3280,,"ICP Score: 72.8 | Tier: GOLD | Domain: aagenpro.com | OEMs: Briggs & Stratton, Cummins, Generac"
ABACUS PLUMBING A/C & ELECTRICAL,https://www.abacusplubming.net/,,Generator/Electrical Services,,,(713) 812-7070,,ICP Score: 66.5 | Tier: GOLD | Domain: abacusplubming.net | OEMs: Generac
"ABACUS PLUMBING, AC & ELECTRICAL",https://www.abacusplumbing.com/,,Generator/Electrical Services,,,(512) 745-5409,,ICP Score: 66.5 | Tier: GOLD | Domain: abacusplumbing.com | OEMs: Generac
NEW ENGLAND TOTAL POWER LLC,https://www.greenwichpowersystems.com/,,Generator/Electrical Services,,,(203) 900-1122,,ICP Score: 66.5 | Tier: GOLD | Domain: greenwichpowersystems.com | OEMs: Generac
"RAVINIA PLUMBING, SEWER, HEATING, & ELECTRIC",http://www.raviniaplumbing.com/,,Generator/Electrical Services,,,8475795565,,ICP Score: 66.5 | Tier: GOLD | Domain: raviniaplumbing.com | OEMs: Briggs & Stratton
"RED CAP PLUMBING, AIR AND ELECTRIC",https://www.redcapnow.com/,,Generator/Electrical Services,,,(813) 798-7374,,ICP Score: 66.5 | Tier: GOLD | Domain: redcapnow.com | OEMs: Generac
"ABC HOME & COMMERCIAL SERVICES, INC",https://www.abchomeandcommercial.com/austin,,Generator/Electrical Services,,,(512) 837-9500,,ICP Score: 65.0 | Tier: GOLD | Domain: abchomeandcommercial.com | OEMs: Generac
Evenflow Home And Commercial Services Llc - San Antonio,,,Generator/Electrical Services,,,210 951-3503,,ICP Score: 65.0 | Tier: GOLD | OEMs: Cummins
"FREEDOM COMMERCIAL & HOME SERVICES,",https://www.freedomchs.com/,,Generator/Electrical Services,,,(281) 955-8789,,ICP Score: 65.0 | Tier: GOLD | Domain: freedomchs.com | OEMs: Generac
BACKUP POWER SOLUTIONS INC,,,Generator/Electrical Services,,,(866) 444-3031,,"ICP Score: 62.5 | Tier: GOLD | OEMs: Briggs & Stratton, Cummins, Generac"
GENSTAR SERVICE,https://www.genstarservice.com/,,Generator/Electrical Services,,,(407) 417-5553,,"ICP Score: 62.5 | Tier: GOLD | Domain: genstarservice.com | OEMs: Briggs & Stratton, Generac"
SUNSHINE FUELS &ENERGY SERVICES INC,https://www.sunshineoilco.com/,,Generator/Electrical Services,,,(401) 253-7781,,"ICP Score: 62.5 | Tier: GOLD | Domain: sunshineoilco.com | OEMs: Briggs & Stratton, Generac"
A-Z ELECTRIC CORP,https://www.a-zelectric.biz/,,Generator/Electrical Services,,,(908) 272-4941,,"ICP Score: 60.2 | Tier: GOLD | Domain: a-zelectric.biz | OEMs: Cummins, Generac"
CHRIS ELECTRIC LTD,https://www.chriselectricltd.com/,,Generator/Electrical Services,,,(401) 847-2542,,"ICP Score: 60.2 | Tier: GOLD | Domain: chriselectricltd.com | OEMs: Briggs & Stratton, Generac"
DON HILLMAN INC,https://donhillmangenerator.com/,,Generator/Electrical Services,,,(954) 467-6755,,"ICP Score: 60.2 | Tier: GOLD | Domain: donhillmangenerator.com | OEMs: Cummins, Generac"
ECI STANDBY POWER SYSTEMS,,,Generator/Electrical Services,,,(401) 884-8810,,"ICP Score: 60.2 | Tier: GOLD | OEMs: Briggs & Stratton, Generac"
F.M. GENERATOR INC,https://www.fmgenerator.com/,,Generator/Electrical Services,,,(781) 828-0026,,"ICP Score: 60.2 | Tier: GOLD | Domain: fmgenerator.com | OEMs: Briggs & Stratton, Generac"
GENERATOR SUPERCENTER OF ORLANDO,https://www.generatorsupercenter.com/,,Generator/Electrical Services,,,(407) 984-5000,,"ICP Score: 60.2 | Tier: GOLD | Domain: generatorsupercenter.com | OEMs: Cummins, Generac"
I&C ELECTRICAL CONTRACTING SRV LLC,,,Generator/Electrical Services,,,(813) 514-8250,,"ICP Score: 60.2 | Tier: GOLD | OEMs: Briggs & Stratton, Generac"
IN TOUCH ELECTRIC LLC,,,Generator/Electrical Services,,,(772) 302-9616,,"ICP Score: 60.2 | Tier: GOLD | OEMs: Cummins, Generac"
"JAMAC, INC.",,,Generator/Electrical Services,,,(610) 873-0612,,"ICP Score: 60.2 | Tier: GOLD | OEMs: Briggs & Stratton, Generac"
"NORTHEAST GENERATOR, INC.",https://northeastgenerator.com/,,Generator/Electrical Services,,,(800) 972-4264,,"ICP Score: 60.2 | Tier: GOLD | Domain: northeastgenerator.com | OEMs: Cummins, Generac"
"POWER SOLUTIONS SPECIALIST, LLC",https://www.psstx.com/,,Generator/Electrical Services,,,(832) 448-0478,,"ICP Score: 60.2 | Tier: GOLD | Domain: psstx.com | OEMs: Briggs & Stratton, Generac"
POWERSMITH,https://www.powersmith.net/,,Generator/Electrical Services,,,(214) 888-8170,,"ICP Score: 60.2 | Tier: GOLD | Domain: powersmith.net | OEMs: Cummins, Generac"
PURE POWER SYSTEMS INC,https://www.purepowerservice.com/,,Generator/Electrical Services,,,(847) 498-0077,,"ICP Score: 60.2 | Tier: GOLD | Domain: purepowerservice.com | OEMs: Briggs & Stratton, Generac"
STORM GUARDIAN GENERATORS,https://www.stormgg.com/,,Generator/Electrical Services,,,(281) 648-2177,,"ICP Score: 60.2 | Tier: GOLD | Domain: stormgg.com | OEMs: Cummins, Generac"
T.J. MALLEY ELECTRIC INC.,,,Generator/Electrical Services,,,(603) 595-2970,,"ICP Score: 60.2 | Tier: GOLD | OEMs: Briggs & Stratton, Generac"
BRUNI & CAMPISI PLUMBING & HVAC,https://www.bruniandcampisi.com/,,Generator/Electrical Services,,,(914) 946-5558,,ICP Score: 60.2 | Tier: GOLD | Domain: bruniandcampisi.com | OEMs: Generac
CARRIERE HVAC-ELECTRIC INC,,,Generator/Electrical Services,,,(832) 913-9261,,ICP Score: 60.2 | Tier: GOLD | OEMs: Generac
GEM PLUMBING & HEATING CO LLC,https://askgem.com/,,Generator/Electrical Services,,,(401) 867-5309,,ICP Score: 60.2 | Tier: GOLD | Domain: askgem.com | OEMs: Generac
MACCARONE PLUMBING INC,https://www.maccaroneplumbing.com/,,Generator/Electrical Services,,,(516) 671-3232,,ICP Score: 60.2 | Tier: GOLD | Domain: maccaroneplumbing.com | OEMs: Generac
Freeman Electrical & Plumbing Service - Cleveland,https://waterandwells.com/,,Generator/Electrical Services,,,706 865-4039,,ICP Score: 60.0 | Tier: GOLD | Domain: waterandwells.com | OEMs: Cummins
GENERATOR REPAIR SERVICE INC,https://www.generatorrepairservice.com/,,Generator/Electrical Services,,,(631) 823-8430,,ICP Score: 60.0 | Tier: GOLD | Domain: generatorrepairservice.com | OEMs: Generac
"JACKSON TOTAL SERVICE, INC.",https://www.jacksontotal.com/,,Generator/Electrical Services,,,(239) 643-0923,,ICP Score: 60.0 | Tier: GOLD | Domain: jacksontotal.com | OEMs: Generac
JM GENERAL MAINTENANCE SERVICES LLC,https://www.247backuppower.com/,,Generator/Electrical Services,,,(412) 257-4257,,ICP Score: 60.0 | Tier: GOLD | Domain: 247backuppower.com | OEMs: Generac
MID ATLANTIC GENERATORS LLC,,,Generator/Electrical Services,,,(302) 375-6145,,"ICP Score: 58.8 | Tier: SILVER | OEMs: Briggs & Stratton, Cummins, Generac"
"RALCO ELECTRIC, INC.",https://www.ralcoelectric.com/,,Generator/Electrical Services,,,(508) 679-3363,,"ICP Score: 58.8 | Tier: SILVER | Domain: ralcoelectric.com | OEMs: Briggs & Stratton, Cummins, Generac"
TEXAS ELITE GENERATORS,https://www.texaselitegenerators.com/,,Generator/Electrical Services,,,(832) 309-2398,,"ICP Score: 58.8 | Tier: SILVER | Domain: texaselitegenerators.com | OEMs: Briggs & Stratton, Cummins, Generac"
ALL PHASE ELECTRIC CO,https://www.allphaseelectrico.com/,,Generator/Electrical Services,,,(610) 449-4902,,"ICP Score: 58.8 | Tier: SILVER | Domain: allphaseelectrico.com | OEMs: Briggs & Stratton, Generac"
ALL TRADES MECHANICAL CONTRACTING,,,Generator/Electrical Services,,,(732) 415-8010,,"ICP Score: 58.8 | Tier: SILVER | OEMs: Briggs & Stratton, Generac"
COMPLETE ENVIRONMENTAL SOLUTION LLC,https://completeenvirosolutions.com/,,Generator/Electrical Services,,,(561) 747-2862,,"ICP Score: 58.8 | Tier: SILVER | Domain: completeenvirosolutions.com | OEMs: Cummins, Generac"
COMPLETE POWER RESOURCES,,,Generator/Electrical Services,,,(561) 845-0406,,"ICP Score: 58.8 | Tier: SILVER | OEMs: Cummins, Generac"
COMPLETE POWER RESOURCES,,,Generator/Electrical Services,,,(866) 330-4277,,"ICP Score: 58.8 | Tier: SILVER | OEMs: Briggs & Stratton, Generac"
Complete Power Resources - Winter Garden,https://www.tksoutheast.com/,,Generator/Electrical Services,,,407 293-7158,,"ICP Score: 58.8 | Tier: SILVER | Domain: tksoutheast.com | OEMs: Briggs & Stratton, Cummins"
RAVINIA PLUMBING HEATING & ELECTRIC,https://www.raviniaplumbing.com/,,Generator/Electrical Services,,,(847) 432-5561,,"ICP Score: 58.8 | Tier: SILVER | Domain: raviniaplumbing.com | OEMs: Cummins, Generac"
MARDINLY INDUSTRIAL POWER,https://www.mardinlypower.com/,,Generator/Electrical Services,,,(610) 544-2488,,"ICP Score: 58.5 | Tier: SILVER | Domain: mardinlypower.com | OEMs: Briggs & Stratton, Generac"
PETRO HOME SERVICES,https://www.petro.com/locations/warwick-ri,,Generator/Electrical Services,,,(401) 434-1487,,"ICP Score: 57.2 | Tier: SILVER | Domain: petro.com | OEMs: Briggs & Stratton, Generac"
ABORN SOLAR SERVICES LLC,http://www.abornsolarservices.com/,,Generator/Electrical Services,,,7742696129,,ICP Score: 56.2 | Tier: SILVER | Domain: abornsolarservices.com | OEMs: Briggs & Stratton
"AIRPORT ELECTRIC SERVICE, INC",https://airportelectricservice.com/,,Generator/Electrical Services,,,(513) 404-7009,,ICP Score: 56.2 | Tier: SILVER | Domain: airportelectricservice.com | OEMs: Generac
ALL AMERICAN ELECTRIC SERVICE LLC,https://allamericanelectricllc.generacdealers.com/,,Generator/Electrical Services,,,(410) 479-1277,,ICP Score: 56.2 | Tier: SILVER | Domain: allamericanelectricllc.generacdealers.com | OEMs: Generac
"ALPINE ELECTRICAL SERVICES, INC.",https://www.alpinegenerators.com/,,Generator/Electrical Services,,,(603) 952-4566,,ICP Score: 56.2 | Tier: SILVER | Domain: alpinegenerators.com | OEMs: Generac
"AMERICAN GENERATOR SERVICES NA, LLC",https://ags-na.com/,,Generator/Electrical Services,,,(832) 499-1866,,ICP Score: 56.2 | Tier: SILVER | Domain: ags-na.com | OEMs: Generac
BENISON ENERGY SERVICES INC,,,Generator/Electrical Services,,,(832) 725-7846,,ICP Score: 56.2 | Tier: SILVER | OEMs: Generac
BLUE CHIP ENERGY SERVICES,http://www.leitnerelectric.com/,,Generator/Electrical Services,,,5133519024,,ICP Score: 56.2 | Tier: SILVER | Domain: leitnerelectric.com | OEMs: Briggs & Stratton
BOOKER ELECTRICAL SERVICES INC.,https://www.bookerelectric.com/,,Generator/Electrical Services,,,(508) 964-3532,,ICP Score: 56.2 | Tier: SILVER | Domain: bookerelectric.com | OEMs: Generac
CG PROFESSIONAL SERVICES,https://powerproteam.com/,,Generator/Electrical Services,,,(708) 389-4110,,ICP Score: 56.2 | Tier: SILVER | Domain: powerproteam.com | OEMs: Generac
CIRCLE GENERATOR SERVICE INC,https://www.circlegenerators.biz/,,Generator/Electrical Services,,,(954) 767-8331,,ICP Score: 56.2 | Tier: SILVER | Domain: circlegenerators.biz | OEMs: Generac
"FIREPLACE & GAS SERVICES , INC.",https://www.fireplaceandgas.com/,,Generator/Electrical Services,,,(407) 856-7770,,ICP Score: 56.2 | Tier: SILVER | Domain: fireplaceandgas.com | OEMs: Generac
FOX SERVICE COMPANY,https://www.foxservice.com/,,Generator/Electrical Services,,,(512) 448-9292,,ICP Score: 56.2 | Tier: SILVER | Domain: foxservice.com | OEMs: Generac
"FRANK GAY SERVICES, LLC",https://frankgayservices.com/,,Generator/Electrical Services,,,(689) 245-7333,,ICP Score: 56.2 | Tier: SILVER | Domain: frankgayservices.com | OEMs: Generac
GAC SERVICES,https://www.gacservices.com/generators,,Generator/Electrical Services,,,(301) 926-3253,,ICP Score: 56.2 | Tier: SILVER | Domain: gacservices.com | OEMs: Generac
HUNTER SERVICE GROUP,https://www.hunterservicegroup.com/,,Generator/Electrical Services,,,(210) 701-0192,,ICP Score: 56.2 | Tier: SILVER | Domain: hunterservicegroup.com | OEMs: Generac
JBI SERVICES LLC,https://www.jbigenerators.com/,,Generator/Electrical Services,,,(301) 556-5333,,ICP Score: 56.2 | Tier: SILVER | Domain: jbigenerators.com | OEMs: Generac
Juscardcelectric Service LLC,,,Generator/Electrical Services,,,2029388424,,ICP Score: 56.2 | Tier: SILVER | OEMs: Briggs & Stratton
LAKELAND GENERATOR SERVICE INC.,http://www.lakelandgenerator.com/,,Generator/Electrical Services,,,8637124867,,ICP Score: 56.2 | Tier: SILVER | Domain: lakelandgenerator.com | OEMs: Briggs & Stratton
LONG ISLAND EMERGENCY POWER,,,Generator/Electrical Services,,,(631) 586-7513,,ICP Score: 56.2 | Tier: SILVER | OEMs: Generac
MCKAY ENGINEERING SERVICES,http://mega-wattelectricinc.com/,,Generator/Electrical Services,,,6032878671,,ICP Score: 56.2 | Tier: SILVER | Domain: mega-wattelectricinc.com | OEMs: Briggs & Stratton
"PATRIOT SERVICES ELECTRIC, LLC",,,Generator/Electrical Services,,,(713) 900-9140,,ICP Score: 56.2 | Tier: SILVER | OEMs: Generac
"POWER OUTAGE SERVICES COMPANY, LLC",https://www.powerout.us/,,Generator/Electrical Services,,,(978) 887-6500,,ICP Score: 56.2 | Tier: SILVER | Domain: powerout.us | OEMs: Generac
"R.G. BEHERS ELECTRICAL SERVICE, INC",https://rgbeherselectric.com/,,Generator/Electrical Services,,,(412) 854-0883,,ICP Score: 56.2 | Tier: SILVER | Domain: rgbeherselectric.com | OEMs: Generac
SATURN ELECTRICAL SERVICES,,,Generator/Electrical Services,,,(630) 980-0300,,ICP Score: 56.2 | Tier: SILVER | OEMs: Generac
SCOTT'S ELECTRICAL SERVICE LLC,https://www.ses-power.com/,,Generator/Electrical Services,,,(732) 849-6552,,ICP Score: 56.2 | Tier: SILVER | Domain: ses-power.com | OEMs: Generac
STG ELECTRIC SERVICES LLC,https://www.stgelectricservices.com/,,Generator/Electrical Services,,,(330) 650-0513,,ICP Score: 56.2 | Tier: SILVER | Domain: stgelectricservices.com | OEMs: Generac
SUMMIT ELECTRICAL SERVICES,,,Generator/Electrical Services,,,9496917304,,ICP Score: 56.2 | Tier: SILVER | OEMs: Briggs & Stratton
SUNSHINE SOLAR SERVICES,http://www.sunshinesolar.us/,,Generator/Electrical Services,,,9545684876,,ICP Score: 56.2 | Tier: SILVER | Domain: sunshinesolar.us | OEMs: Briggs & Stratton
TECH SERVICES,https://www.techservicesspecialties.com/,,Generator/Electrical Services,,,(407) 925-3462,,ICP Score: 56.2 | Tier: SILVER | Domain: techservicesspecialties.com | OEMs: Generac
"TOTAL BUILDING SOLUTIONS, INC",,,Generator/Electrical Services,,,(813) 661-8818,,ICP Score: 56.2 | Tier: SILVER | OEMs: Generac
TOTAL POWER SOLUTIONS LLC.,https://www.totalpwrsolutions.com/,,Generator/Electrical Services,,,(714) 650-2445,,ICP Score: 56.2 | Tier: SILVER | Domain: totalpwrsolutions.com | OEMs: Generac
"TRI-COUNTY ELECTRIC SERVICE, INC.",https://www.tricountyelectricservice.com/,,Generator/Electrical Services,,,(440) 542-0735,,ICP Score: 56.2 | Tier: SILVER | Domain: tricountyelectricservice.com | OEMs: Generac
TRUPOWER GENERATOR SERVICE,https://trupowergeneratorservice.com/,,Generator/Electrical Services,,,(630) 235-2397,,ICP Score: 56.2 | Tier: SILVER | Domain: trupowergeneratorservice.com | OEMs: Generac
Total Energy Solutions - Broussard,https://www.totalenergysolutions.com/,,Generator/Electrical Services,,,337 837-1595,,ICP Score: 56.2 | Tier: SILVER | Domain: totalenergysolutions.com | OEMs: Cummins
Total Plumbing And Drains Solutions - Mooresville,https://www.totalplumgingpros.com/,,Generator/Electrical Services,,,704 641-1600,,ICP Score: 56.2 | Tier: SILVER | Domain: totalplumgingpros.com | OEMs: Cummins
WEEKS SERVICE CO,https://weeksservicecompany.com/electrical/generator-installation/,,Generator/Electrical Services,,,(281) 332-9555,,ICP Score: 56.2 | Tier: SILVER | Domain: weeksservicecompany.com | OEMs: Generac
GREEN TECH CONSTRUCTION LLC,https://www.gtconstruction.solar,,Generator/Electrical Services,,info@gtconstruction.solar,(410) 322-6538,,"ICP Score: 55.0 | Tier: SILVER | Domain: gtconstruction.solar | OEMs: Briggs & Stratton, Tesla"
Red Star Electric,https://redstarelectric.net/ev-charging/,,Generator/Electrical Services,,EVCharging@redstarelectric.net,(708) 722-1388,,"ICP Score: 55.0 | Tier: SILVER | Domain: redstarelectric.net | OEMs: Briggs & Stratton, Tesla"
"ABLE BUSINESS SERVICES, INC.",https://www.ablebusinessservices.com/,,Generator/Electrical Services,,,(786) 291-6686,,ICP Score: 54.5 | Tier: SILVER | Domain: ablebusinessservices.com | OEMs: Generac
ACS COMMERCIAL SERVICES LLC,https://acsfixit.com/,,Generator/Electrical Services,,,(281) 885-3300,,ICP Score: 54.5 | Tier: SILVER | Domain: acsfixit.com | OEMs: Generac
COMMERCIAL EQUIPMENT SERVICE INC.,,,Generator/Electrical Services,,,(866) 475-6682,,ICP Score: 54.5 | Tier: SILVER | OEMs: Generac
Soga Industrial Diesel Repair - Nashville,,,Generator/Electrical Services,,,229 560-8416,,ICP Score: 54.5 | Tier: SILVER | OEMs: Cummins
4TH GENERATION ELECTRIC INC,https://www.4thgenerationelectric.net/,,Generator/Electrical Services,,,(978) 833-0669,,ICP Score: 54.0 | Tier: SILVER | Domain: 4thgenerationelectric.net | OEMs: Generac
A WIRING MAN,https://www.awiringman.com/,,Generator/Electrical Services,,,(714) 990-8133,,ICP Score: 54.0 | Tier: SILVER | Domain: awiringman.com | OEMs: Generac
"A. C. POWER SOLUTIONS, INC",,,Generator/Electrical Services,,,(508) 386-3223,,ICP Score: 54.0 | Tier: SILVER | OEMs: Generac
A1 PLUS ELECTRICAL LLC,,,Generator/Electrical Services,,,(832) 831-5925,,ICP Score: 54.0 | Tier: SILVER | OEMs: Generac
"AAA GENERATOR, INC.",https://www.aaagenerator.com/,,Generator/Electrical Services,,,(786) 592-1149,,ICP Score: 54.0 | Tier: SILVER | Domain: aaagenerator.com | OEMs: Generac
ABC Solar Incorporated,,,Generator/Electrical Services,,,3103733169,,ICP Score: 54.0 | Tier: SILVER | OEMs: Briggs & Stratton
ABSOLUTE ELEC CONTRACT & DESIGN LLC,https://www.absoluteelectricalcontractinganddesign.com/,,Generator/Electrical Services,,,(516) 586-3050,,ICP Score: 54.0 | Tier: SILVER | Domain: absoluteelectricalcontractinganddesign.com | OEMs: Generac
ACCORD POWER INC,http://www.accordpower.com/,,Generator/Electrical Services,,,7183218820,,ICP Score: 54.0 | Tier: SILVER | Domain: accordpower.com | OEMs: Briggs & Stratton
ADVANCED GAS & GENERATOR CONTRACTOR,https://www.totalpowergenerators.com/,,Generator/Electrical Services,,,(305) 471-9010,,ICP Score: 54.0 | Tier: SILVER | Domain: totalpowergenerators.com | OEMs: Generac
AEGIS,http://www.aegis-solar.com/,,Generator/Electrical Services,,,2032081856,,ICP Score: 54.0 | Tier: SILVER | Domain: aegis-solar.com | OEMs: Briggs & Stratton
AFFILIATED ELECT & GEN SYSTEMS LLC,,,Generator/Electrical Services,,,(732) 580-4763,,ICP Score: 54.0 | Tier: SILVER | OEMs: Generac
AIR GROUP LLC,https://www.airgroupllc.com/,,Generator/Electrical Services,,,(800) 545-1020,,ICP Score: 54.0 | Tier: SILVER | Domain: airgroupllc.com | OEMs: Generac
"AIR QUALITY CONTROL, INC",https://www.aqc-fl.com/,,Generator/Electrical Services,,,(727) 347-0202,,ICP Score: 54.0 | Tier: SILVER | Domain: aqc-fl.com | OEMs: Generac
AIR TECHS OF HOUSTON LLC,https://www.airtechofhouston.com/,,Generator/Electrical Services,,,(713) 699-0623,,ICP Score: 54.0 | Tier: SILVER | Domain: airtechofhouston.com | OEMs: Generac
AL ELECTRIC INC,https://al2generator.com/,,Generator/Electrical Services,,,(708) 785-5800,,ICP Score: 54.0 | Tier: SILVER | Domain: al2generator.com | OEMs: Generac
ALL-WEATHER INC,https://www.all-weathergenerators.com/,,Generator/Electrical Services,,,(201) 387-7007,,ICP Score: 54.0 | Tier: SILVER | Domain: all-weathergenerators.com | OEMs: Generac
ALTERNATING CURRENTS CORP,https://www.altcur.com/,,Generator/Electrical Services,,,(630) 545-9343,,ICP Score: 54.0 | Tier: SILVER | Domain: altcur.com | OEMs: Generac
ALWAYS READY GENERATORS,https://www.alwaysreadygen.com/,,Generator/Electrical Services,,,(772) 223-8865,,ICP Score: 54.0 | Tier: SILVER | Domain: alwaysreadygen.com | OEMs: Generac
"AM ELECTRICAL SOLUTIONS, LLC",https://amelectricalsolutionsde.com/,,Generator/Electrical Services,,,(302) 647-0806,,ICP Score: 54.0 | Tier: SILVER | Domain: amelectricalsolutionsde.com | OEMs: Generac
AMPOWER INC.,,,Generator/Electrical Services,,,(786) 870-6507,,ICP Score: 54.0 | Tier: SILVER | OEMs: Generac
APPLIED SOLAR TECHNOLOGIES,http://www.onsemi.com/,,Generator/Electrical Services,,,6034965016,,ICP Score: 54.0 | Tier: SILVER | Domain: onsemi.com | OEMs: Briggs & Stratton
AQUATECH MECHANICAL LLC,https://www.aquatechnyc.com/,,Generator/Electrical Services,,,(718) 614-8064,,ICP Score: 54.0 | Tier: SILVER | Domain: aquatechnyc.com | OEMs: Generac
"ARCTIC AIR CONDITIONING, INC.",,,Generator/Electrical Services,,,(732) 251-1111,,ICP Score: 54.0 | Tier: SILVER | OEMs: Generac
ARI-TEX ELECTRIC INC,,,Generator/Electrical Services,,,(972) 727-9902,,ICP Score: 54.0 | Tier: SILVER | OEMs: Generac
ARP ELECTRIC AND POWER SYSTEMS,https://www.arppower.com/,,Generator/Electrical Services,,,(440) 838-4204,,ICP Score: 54.0 | Tier: SILVER | Domain: arppower.com | OEMs: Generac
ASPIRE SALES & ELECTRICAL SERV. LLC,https://www.aspiresales.net/,,Generator/Electrical Services,,,(281) 242-2471,,ICP Score: 54.0 | Tier: SILVER | Domain: aspiresales.net | OEMs: Generac
ASTERAL ELECTRIC LLC,https://asteralelectric.com/,,Generator/Electrical Services,,,(732) 240-4199,,ICP Score: 54.0 | Tier: SILVER | Domain: asteralelectric.com | OEMs: Generac
Aguasol Energy,http://aguasolenergy.com/,,Generator/Electrical Services,,,6825820190,,ICP Score: 54.0 | Tier: SILVER | Domain: aguasolenergy.com | OEMs: Briggs & Stratton
Aloha Solar,,,Generator/Electrical Services,,,7077899537,,ICP Score: 54.0 | Tier: SILVER | OEMs: Briggs & Stratton
Altadena Energy & Solar,http://www.altadenasolar.com/,,Generator/Electrical Services,,,8182012046,,ICP Score: 54.0 | Tier: SILVER | Domain: altadenasolar.com | OEMs: Briggs & Stratton
Avila Electric,,,Generator/Electrical Services,,,6502458753,,ICP Score: 54.0 | Tier: SILVER | OEMs: Briggs & Stratton
B.P. LOGUE & CO. INC,https://www.bplogue.com/,,Generator/Electrical Services,,,(978) 251-4433,,ICP Score: 54.0 | Tier: SILVER | Domain: bplogue.com | OEMs: Generac
BAD MONKEY ELECTRIC LLC,https://www.badmonkeyelectric.com/,,Generator/Electrical Services,,,(410) 616-0008,,ICP Score: 54.0 | Tier: SILVER | Domain: badmonkeyelectric.com | OEMs: Generac
BAER ELECTRIC,https://www.baer-electric.com/,,Generator/Electrical Services,,,(610) 932-6302,,ICP Score: 54.0 | Tier: SILVER | Domain: baer-electric.com | OEMs: Generac
BAKER BROTHERS PLUMB AIR & ELEC LLC,https://www.bakerbrothersplumbing.com/,,Generator/Electrical Services,,,(214) 324-8811,,ICP Score: 54.0 | Tier: SILVER | Domain: bakerbrothersplumbing.com | OEMs: Generac
BAUER GEN SYSTEMS LLC,,,Generator/Electrical Services,,,(609) 587-1195,,ICP Score: 54.0 | Tier: SILVER | OEMs: Generac
BELLWETHER ELECTRIC COMPANY,https://www.bellwetherelectric.com/,,Generator/Electrical Services,,,(772) 621-9494,,ICP Score: 54.0 | Tier: SILVER | Domain: bellwetherelectric.com | OEMs: Generac
BENSON VER HAGE ELECTRIC CO,https://www.bvhgenerators.com/,,Generator/Electrical Services,,,(201) 445-0200,,ICP Score: 54.0 | Tier: SILVER | Domain: bvhgenerators.com | OEMs: Generac
BIOS POWER SYSTEMS,,,Generator/Electrical Services,,,(281) 400-1131,,ICP Score: 54.0 | Tier: SILVER | OEMs: Generac
"BLIND & SON, LLC",https://www.comforttoday.com/,,Generator/Electrical Services,,,(330) 753-7711,,ICP Score: 54.0 | Tier: SILVER | Domain: comforttoday.com | OEMs: Generac
BLUEWATER BUILDERS INC,http://www.bluewaterbuild.com/,,Generator/Electrical Services,,,5614083442,,ICP Score: 54.0 | Tier: SILVER | Domain: bluewaterbuild.com | OEMs: Briggs & Stratton
"BOB HEINMILLER AIR CONDITIONING,",https://www.bobheinmiller.com/,,Generator/Electrical Services,,,(407) 422-7657,,ICP Score: 54.0 | Tier: SILVER | Domain: bobheinmiller.com | OEMs: Generac
BRITTAIN ENERGY SOLUTIONS,https://brittain.generacdealers.com/,,Generator/Electrical Services,,,(440) 388-4266,,ICP Score: 54.0 | Tier: SILVER | Domain: brittain.generacdealers.com | OEMs: Generac
BUILT RIGHT GENERATORS LLC,https://www.builtrightgenerators.com/,,Generator/Electrical Services,,,(201) 446-5241,,ICP Score: 54.0 | Tier: SILVER | Domain: builtrightgenerators.com | OEMs: Generac
"Boardman Generators, Inc.",http://www.boardmangenerators.com/,,Generator/Electrical Services,,,8455186742,,ICP Score: 54.0 | Tier: SILVER | Domain: boardmangenerators.com | OEMs: Briggs & Stratton
"BoxPower, Inc",,,Generator/Electrical Services,,,5308025477,,ICP Score: 54.0 | Tier: SILVER | OEMs: Briggs & Stratton
Bright Future Solar Energy,,,Generator/Electrical Services,,,8313504022,,ICP Score: 54.0 | Tier: SILVER | OEMs: Briggs & Stratton
CALVERT GENERATOR,https://calvertgenerator.business.site/,,Generator/Electrical Services,,,(301) 717-4909,,ICP Score: 54.0 | Tier: SILVER | Domain: calvertgenerator.business.site | OEMs: Generac
"CANTER POWER SYSTEMS, LLC",https://canterpowersystems.com/,,Generator/Electrical Services,,,(336) 448-4000,,ICP Score: 54.0 | Tier: SILVER | Domain: canterpowersystems.com | OEMs: Generac
CAPITAL POWER SYSTEMS,https://www.capitalpowersystems.com/,,Generator/Electrical Services,,,(512) 897-4216,,ICP Score: 54.0 | Tier: SILVER | Domain: capitalpowersystems.com | OEMs: Generac
CGC GENERATORS,https://www.cgcgenerators.com/,,Generator/Electrical Services,,,(281) 446-1597,,ICP Score: 54.0 | Tier: SILVER | Domain: cgcgenerators.com | OEMs: Generac
"CHICO ELECTRIC, LLC",https://chicoelectricllc.com/,,Generator/Electrical Services,,,(610) 827-7324,,ICP Score: 54.0 | Tier: SILVER | Domain: chicoelectricllc.com | OEMs: Generac
CHRISCOM,http://chriscom.net/,,Generator/Electrical Services,,,4087449400,,ICP Score: 54.0 | Tier: SILVER | Domain: chriscom.net | OEMs: Briggs & Stratton
CIMAS TECHNOLOGIES,https://www.cimasus.com/,,Generator/Electrical Services,,,(305) 266-4240,,ICP Score: 54.0 | Tier: SILVER | Domain: cimasus.com | OEMs: Generac
"CMI ELECTRIC, INC.",https://www.cmielectric.com/,,Generator/Electrical Services,,,(302) 731-5556,,ICP Score: 54.0 | Tier: SILVER | Domain: cmielectric.com | OEMs: Generac
COLDWELL SOLAR 2,http://www.coldwellsolar.com/,,Generator/Electrical Services,,,9164352900,,ICP Score: 54.0 | Tier: SILVER | Domain: coldwellsolar.com | OEMs: Briggs & Stratton
"COTTI-JOHNSON HVAC, INC",https://www.cottijohnson.com/,,Generator/Electrical Services,,,(774) 501-3041,,ICP Score: 54.0 | Tier: SILVER | Domain: cottijohnson.com | OEMs: Generac
COUNTRYSIDE ELECTRIC INC.,https://www.countrysideelectric.net/,,Generator/Electrical Services,,,(614) 478-7960,,ICP Score: 54.0 | Tier: SILVER | Domain: countrysideelectric.net | OEMs: Generac
"CURRENT POWER TECH- HOUSTON, LLC",https://currentpowertechnologies.com/,,Generator/Electrical Services,,,(210) 934-1314,,ICP Score: 54.0 | Tier: SILVER | Domain: currentpowertechnologies.com | OEMs: Generac
DAME ELECTRIC LLC,,,Generator/Electrical Services,,,(603) 522-9129,,ICP Score: 54.0 | Tier: SILVER | OEMs: Generac
DAVID ANDERSON ELECTRIC CO INC,,,Generator/Electrical Services,,,(508) 238-9922,,ICP Score: 54.0 | Tier: SILVER | OEMs: Generac
DECORT ELECTRICAL SOLUTIONS INC,https://decortelectric.com/,,Generator/Electrical Services,,,(813) 690-2730,,ICP Score: 54.0 | Tier: SILVER | Domain: decortelectric.com | OEMs: Generac
"DION GENERATOR SOLUTIONS, INC.",,,Generator/Electrical Services,,,(305) 450-8787,,ICP Score: 54.0 | Tier: SILVER | OEMs: Generac
DIVERSIFIED ELECTRIC LLC,https://www.diversifiedelectricllc.com/,,Generator/Electrical Services,,,(215) 651-9920,,ICP Score: 54.0 | Tier: SILVER | Domain: diversifiedelectricllc.com | OEMs: Generac
"DOC WATTS ELECTRIC, INC",https://www.docwattselectric.com/,,Generator/Electrical Services,,,(407) 243-2278,,ICP Score: 54.0 | Tier: SILVER | Domain: docwattselectric.com | OEMs: Generac
ELITE GENERATORS INC,https://www.elitegeneratorsinc.com/,,Generator/Electrical Services,,,(818) 718-0200,,ICP Score: 54.0 | Tier: SILVER | Domain: elitegeneratorsinc.com | OEMs: Generac
ELITE POWER & ENERGY CORPORATION,http://www.elitepowerandenergycorp.com/,,Generator/Electrical Services,,,3019279007,,ICP Score: 54.0 | Tier: SILVER | Domain: elitepowerandenergycorp.com | OEMs: Briggs & Stratton
EMPOWER GENERATORS INC.,https://empowergenerators.com/,,Generator/Electrical Services,,,(954) 922-3800,,ICP Score: 54.0 | Tier: SILVER | Domain: empowergenerators.com | OEMs: Generac
EPX GROUP LLC,,,Generator/Electrical Services,,,(737) 240-3344,,ICP Score: 54.0 | Tier: SILVER | OEMs: Generac
ERF ELECTRIC LLC,,,Generator/Electrical Services,,,(740) 971-1257,,ICP Score: 54.0 | Tier: SILVER | OEMs: Generac
Eagle Solar Power,,,Generator/Electrical Services,,,8179179965,,ICP Score: 54.0 | Tier: SILVER | OEMs: Briggs & Stratton
FB GENERATORS,https://www.fbis360.com/,,Generator/Electrical Services,,,(617) 500-7060,,ICP Score: 54.0 | Tier: SILVER | Domain: fbis360.com | OEMs: Generac
"FERRARA WIZARD ELECTRIC, INC",https://ferrarawizardelectric.com/,,Generator/Electrical Services,,,(973) 701-1198,,ICP Score: 54.0 | Tier: SILVER | Domain: ferrarawizardelectric.com | OEMs: Generac
"FOR-TECH ELECTRIC, LLC",https://fortechelectric.com/,,Generator/Electrical Services,,,(732) 367-8324,,ICP Score: 54.0 | Tier: SILVER | Domain: fortechelectric.com | OEMs: Generac
FOUR SEASONS GENERATORS,https://www.fourseasonsheatingcooling.com/,,Generator/Electrical Services,,,(708) 470-6211,,ICP Score: 54.0 | Tier: SILVER | Domain: fourseasonsheatingcooling.com | OEMs: Generac
FRANKLIN ELECTRIC MAIN CO INC,,,Generator/Electrical Services,,,(732) 249-1359,,ICP Score: 54.0 | Tier: SILVER | OEMs: Generac
FUSION ELECTRIC & ENGINEERING LLC,https://www.fusionelectricfl.com/,,Generator/Electrical Services,,,(239) 494-4881,,ICP Score: 54.0 | Tier: SILVER | Domain: fusionelectricfl.com | OEMs: Generac
"GALLAGHER ELECTRIC, INC.",,,Generator/Electrical Services,,,(603) 264-6256,,ICP Score: 54.0 | Tier: SILVER | OEMs: Generac
GAULT ENERGY,,,Generator/Electrical Services,,,(203) 227-5181,,ICP Score: 54.0 | Tier: SILVER | OEMs: Generac
GENERATOR MAN,https://www.generatormannj.com/,,Generator/Electrical Services,,,(973) 545-2188,,ICP Score: 54.0 | Tier: SILVER | Domain: generatormannj.com | OEMs: Generac
GENERATOR SUPERCENTER - NW MARYLAND,https://generatorsupercenterofnwmaryland.com/,,Generator/Electrical Services,,,(301) 887-5303,,ICP Score: 54.0 | Tier: SILVER | Domain: generatorsupercenterofnwmaryland.com | OEMs: Generac
GENERATOR SUPERCENTER GREATER OC,https://generatorsupercenteroforangecounty.com/,,Generator/Electrical Services,,,(949) 226-8800,,ICP Score: 54.0 | Tier: SILVER | Domain: generatorsupercenteroforangecounty.com | OEMs: Generac
GENERATOR SUPERCENTER OF ANNAPOLIS,https://generatorsupercenterofannapolis.com/,,Generator/Electrical Services,,,(410) 697-5530,,ICP Score: 54.0 | Tier: SILVER | Domain: generatorsupercenterofannapolis.com | OEMs: Generac
GENERATOR SUPERCENTER OF MA,,,Generator/Electrical Services,,,(978) 587-3541,,ICP Score: 54.0 | Tier: SILVER | OEMs: Generac
GENERATOR SUPERCENTER OF MAINLINE,https://generatorsupercenterofthemainline.com/,,Generator/Electrical Services,,,(610) 215-0252,,ICP Score: 54.0 | Tier: SILVER | Domain: generatorsupercenterofthemainline.com | OEMs: Generac
GENERATOR SUPERCENTER OF PITTSBURGH,https://generatorsupercenter.com/,,Generator/Electrical Services,,,(412) 228-8223,,ICP Score: 54.0 | Tier: SILVER | Domain: generatorsupercenter.com | OEMs: Generac
GENERATOR SUPERCENTER WEATHERFORD,https://www.generatorsupercenterofweatherford.com/,,Generator/Electrical Services,,,(817) 661-1500,,ICP Score: 54.0 | Tier: SILVER | Domain: generatorsupercenterofweatherford.com | OEMs: Generac
GENERATORS OF HOUSTON,https://generatorsofhouston.generacdealers.com/,,Generator/Electrical Services,,,(713) 812-7285,,ICP Score: 54.0 | Tier: SILVER | Domain: generatorsofhouston.generacdealers.com | OEMs: Generac
GENERATORS OF TEXAS LLC,https://www.generatorsoftx.com/,,Generator/Electrical Services,,,(346) 678-4422,,ICP Score: 54.0 | Tier: SILVER | Domain: generatorsoftx.com | OEMs: Generac
GENERATORSTX LLC,,,Generator/Electrical Services,,,(832) 231-9731,,ICP Score: 54.0 | Tier: SILVER | OEMs: Generac
GENERX GENERATORS LLC,https://www.fixmygen.com/,,Generator/Electrical Services,,,(239) 789-2633,,ICP Score: 54.0 | Tier: SILVER | Domain: fixmygen.com | OEMs: Generac
GENPOWER,,,Generator/Electrical Services,,,(856) 768-6663,,ICP Score: 54.0 | Tier: SILVER | OEMs: Generac
GENSERVE LLC,https://www.genserveinc.com/,,Generator/Electrical Services,,,(914) 966-3200,,ICP Score: 54.0 | Tier: SILVER | Domain: genserveinc.com | OEMs: Generac
GENSTAR POWER SYSTEMS,https://www.genstarpowersystems.com/,,Generator/Electrical Services,,,(805) 624-7522,,ICP Score: 54.0 | Tier: SILVER | Domain: genstarpowersystems.com | OEMs: Generac
GET WIRED 2,https://www.getwired2.com/,,Generator/Electrical Services,,,(908) 892-5436,,ICP Score: 54.0 | Tier: SILVER | Domain: getwired2.com | OEMs: Generac
GOSOLAR GREEN,http://www.gosolar.green/,,Generator/Electrical Services,,,4434773208,,ICP Score: 54.0 | Tier: SILVER | Domain: gosolar.green | OEMs: Briggs & Stratton
GREEN LIGHT GENERATOR LLC,https://www.greenlightgenerator.com/,,Generator/Electrical Services,,,(609) 273-4700,,ICP Score: 54.0 | Tier: SILVER | Domain: greenlightgenerator.com | OEMs: Generac
GRID Alternatives,,,Generator/Electrical Services,,,5592140101,,ICP Score: 54.0 | Tier: SILVER | OEMs: Briggs & Stratton
Golden State Solar,,,Generator/Electrical Services,,,4083550842,,ICP Score: 54.0 | Tier: SILVER | OEMs: Briggs & Stratton
Greenrack,,,Generator/Electrical Services,,,4128662544,,ICP Score: 54.0 | Tier: SILVER | OEMs: Briggs & Stratton
HAMMOND ELECTRICAL LLC,https://hammondelectricalservices.com/,,Generator/Electrical Services,,,(484) 368-6467,,ICP Score: 54.0 | Tier: SILVER | Domain: hammondelectricalservices.com | OEMs: Generac
HARRIS COMFORT,,,Generator/Electrical Services,,,(215) 968-7477,,ICP Score: 54.0 | Tier: SILVER | OEMs: Generac
HAWKE ELECTRICAL,https://horizonservices.com/,,Generator/Electrical Services,,,(610) 881-6757,,ICP Score: 54.0 | Tier: SILVER | Domain: horizonservices.com | OEMs: Generac
HERITAGE PLUMB HEAT COOL & ELEC LLC,https://www.justcallheritage.com/,,Generator/Electrical Services,,,(603) 663-0545,,ICP Score: 54.0 | Tier: SILVER | Domain: justcallheritage.com | OEMs: Generac
HIGHTOWER ELECTRIC,https://www.hightowerelectrical.com/,,Generator/Electrical Services,,,(215) 364-5686,,ICP Score: 54.0 | Tier: SILVER | Domain: hightowerelectrical.com | OEMs: Generac
HOOVER ELECTRICAL LLC,,,Generator/Electrical Services,,,(978) 737-3333,,ICP Score: 54.0 | Tier: SILVER | OEMs: Generac
HORIZON ENERGY SYSTEMS,http://www.gosolarnow.com/,,Generator/Electrical Services,,,8336674324,,ICP Score: 54.0 | Tier: SILVER | Domain: gosolarnow.com | OEMs: Briggs & Stratton
ICON POWER SOLUTIONS LLC,https://www.iconpowersolutionsllc.com/,,Generator/Electrical Services,,,(832) 217-9126,,ICP Score: 54.0 | Tier: SILVER | Domain: iconpowersolutionsllc.com | OEMs: Generac
IMPERIUM ELECTRIC LLC,https://www.imperiumelectricllc.com/,,Generator/Electrical Services,,,(772) 237-0318,,ICP Score: 54.0 | Tier: SILVER | Domain: imperiumelectricllc.com | OEMs: Generac
IPOWER SYSTEMS LTD,https://www.ipowergenerators.com/,,Generator/Electrical Services,,,(914) 449-2003,,ICP Score: 54.0 | Tier: SILVER | Domain: ipowergenerators.com | OEMs: Generac
J-TECH SURVACE SOLUTIONS,,,Generator/Electrical Services,,,(631) 298-4238,,ICP Score: 54.0 | Tier: SILVER | OEMs: Generac
