company_name,company_website,industry,company_size,contact_name,contact_email,contact_title,notes
A & A GENPRO INC.,https://www.aagenpro.com/,HVAC/Electrical,Unknown,,,,"ICP Score: 72.8, Tier: GOLD"
JN ELECTRIC LLC,https://jnelectricllc.generacdealers.com/,HVAC/Electrical,Unknown,,,,"ICP Score: 66.5, Tier: GOLD"
ABACUS PLUMBING A/C & ELECTRICAL,https://www.abacusplubming.net/,HVAC/Electrical,Unknown,,,,"ICP Score: 66.5, Tier: GOLD"
"ABACUS PLUMBING, AC & ELECTRICAL",https://www.abacusplumbing.com/,HVAC/Electrical,Unknown,,,,"ICP Score: 66.5, Tier: GOLD"
NEW ENGLAND TOTAL POWER LLC,https://www.greenwichpowersystems.com/,HVAC/Electrical,Unknown,,,,"ICP Score: 66.5, Tier: GOLD"
"RAVINIA PLUMBING, SEWER, HEATING, & ELECTRIC",http://www.raviniaplumbing.com/,HVAC/Electrical,Unknown,,,,"ICP Score: 66.5, Tier: GOLD"
"RED CAP PLUMBING, AIR AND ELECTRIC",https://www.redcapnow.com/,HVAC/Electrical,Unknown,,,,"ICP Score: 66.5, Tier: GOLD"
"ABC HOME & COMMERCIAL SERVICES, INC",https://www.abchomeandcommercial.com/austin,HVAC/Electrical,Unknown,,,,"ICP Score: 65.0, Tier: GOLD"
ABC Home & Commercial Services,,HVAC/Electrical,Unknown,,,,"ICP Score: 65.0, Tier: GOLD"
American Home & Commercial Services,https://york.dispatch.me/booking/times?externalorganizationid=200410742&optional_checked=true,HVAC/Electrical,Unknown,,,,"ICP Score: 65.0, Tier: GOLD"
Evenflow Home And Commercial Services Llc - San Antonio,,HVAC/Electrical,Unknown,,,,"ICP Score: 65.0, Tier: GOLD"
"FREEDOM COMMERCIAL & HOME SERVICES,",https://www.freedomchs.com/,HVAC/Electrical,Unknown,,,,"ICP Score: 65.0, Tier: GOLD"
GENSTAR SERVICE,https://www.genstarservice.com/,HVAC/Electrical,Unknown,,,,"ICP Score: 62.5, Tier: GOLD"
SUNSHINE SOLAR SERVICES,http://www.sunshinesolar.us/,HVAC/Electrical,Unknown,,,,"ICP Score: 62.5, Tier: GOLD"
CFS Roofing Service,https://york.dispatch.me/booking/times?externalorganizationid=200413092&optional_checked=true,HVAC/Electrical,Unknown,,,,"ICP Score: 62.5, Tier: GOLD"
E.R. Plumbing Services,https://york.dispatch.me/booking/times?externalorganizationid=200409651&optional_checked=true,HVAC/Electrical,Unknown,,,,"ICP Score: 62.5, Tier: GOLD"
Pierce Total Comfort,http://www.piercetotalcomfort.com/?utm_source=carrier&utm_medium=referral&utm_campaign=locator&dealerId=193556,HVAC/Electrical,Unknown,,,,"ICP Score: 61.2, Tier: GOLD"
Russell's Heating Cooling Plumbing & Electric,https://york.dispatch.me/booking/times?externalorganizationid=1237&optional_checked=true,HVAC/Electrical,Unknown,,,,"ICP Score: 61.2, Tier: GOLD"
Stegall Heating-Cooling-Plumbing-Electrical,http://www.callstegall.com/?utm_source=carrier&utm_medium=referral&utm_campaign=locator&dealerId=106305,HVAC/Electrical,Unknown,,,,"ICP Score: 61.2, Tier: GOLD"
Total Energy Management Inc,http://www.teminc.com/?utm_source=carrier&utm_medium=referral&utm_campaign=locator&dealerId=9873,HVAC/Electrical,Unknown,,,,"ICP Score: 61.2, Tier: GOLD"
Best Commercial Energy Services,,HVAC/Electrical,Unknown,,,,"ICP Score: 60.8, Tier: GOLD"
A-Z ELECTRIC CORP,https://www.a-zelectric.biz/,HVAC/Electrical,Unknown,,,,"ICP Score: 60.2, Tier: GOLD"
"ARCTIC AIR CONDITIONING, INC.",,HVAC/Electrical,Unknown,,,,"ICP Score: 60.2, Tier: GOLD"
"BLIND & SON, LLC",https://www.comforttoday.com/,HVAC/Electrical,Unknown,,,,"ICP Score: 60.2, Tier: GOLD"
DON HILLMAN INC,https://donhillmangenerator.com/,HVAC/Electrical,Unknown,,,,"ICP Score: 60.2, Tier: GOLD"
ECI STANDBY POWER SYSTEMS,,HVAC/Electrical,Unknown,,,,"ICP Score: 60.2, Tier: GOLD"
F.M. GENERATOR INC,https://www.fmgenerator.com/,HVAC/Electrical,Unknown,,,,"ICP Score: 60.2, Tier: GOLD"
GENERATOR SUPERCENTER OF ORLANDO,https://www.generatorsupercenter.com/,HVAC/Electrical,Unknown,,,,"ICP Score: 60.2, Tier: GOLD"
I&C ELECTRICAL CONTRACTING SRV LLC,,HVAC/Electrical,Unknown,,,,"ICP Score: 60.2, Tier: GOLD"
IN TOUCH ELECTRIC LLC,,HVAC/Electrical,Unknown,,,,"ICP Score: 60.2, Tier: GOLD"
"JAMAC, INC.",,HVAC/Electrical,Unknown,,,,"ICP Score: 60.2, Tier: GOLD"
NEW PARTNERS COMMUNITY SOLAR,http://www.npsolar.org/,HVAC/Electrical,Unknown,,,,"ICP Score: 60.2, Tier: GOLD"
"NORTHEAST GENERATOR, INC.",https://northeastgenerator.com/,HVAC/Electrical,Unknown,,,,"ICP Score: 60.2, Tier: GOLD"
"POWER SOLUTIONS SPECIALIST, LLC",https://www.psstx.com/,HVAC/Electrical,Unknown,,,,"ICP Score: 60.2, Tier: GOLD"
POWERSMITH,https://www.powersmith.net/,HVAC/Electrical,Unknown,,,,"ICP Score: 60.2, Tier: GOLD"
T.J. MALLEY ELECTRIC INC.,,HVAC/Electrical,Unknown,,,,"ICP Score: 60.2, Tier: GOLD"
BRUNI & CAMPISI PLUMBING & HVAC,https://www.bruniandcampisi.com/,HVAC/Electrical,Unknown,,,,"ICP Score: 60.2, Tier: GOLD"
CARRIERE HVAC-ELECTRIC INC,,HVAC/Electrical,Unknown,,,,"ICP Score: 60.2, Tier: GOLD"
GEM PLUMBING & HEATING CO LLC,https://askgem.com/,HVAC/Electrical,Unknown,,,,"ICP Score: 60.2, Tier: GOLD"
MACCARONE PLUMBING INC,https://www.maccaroneplumbing.com/,HVAC/Electrical,Unknown,,,,"ICP Score: 60.2, Tier: GOLD"
"AA SERVICE CO. HEAT, A/C & PLUMBING",https://www.aaserviceco.com/,HVAC/Electrical,Unknown,,,,"ICP Score: 60.0, Tier: GOLD"
PRO-TECH A/C & PLUMBING SERVICE,https://protechac.com/,HVAC/Electrical,Unknown,,,,"ICP Score: 60.0, Tier: GOLD"
"Complete Comfort Services, LLC",,HVAC/Electrical,Unknown,,,,"ICP Score: 60.0, Tier: GOLD"
Freeman Electrical & Plumbing Service - Cleveland,https://waterandwells.com/,HVAC/Electrical,Unknown,,,,"ICP Score: 60.0, Tier: GOLD"
GENERATOR REPAIR SERVICE INC,https://www.generatorrepairservice.com/,HVAC/Electrical,Unknown,,,,"ICP Score: 60.0, Tier: GOLD"
"JACKSON TOTAL SERVICE, INC.",https://www.jacksontotal.com/,HVAC/Electrical,Unknown,,,,"ICP Score: 60.0, Tier: GOLD"
JM GENERAL MAINTENANCE SERVICES LLC,https://www.247backuppower.com/,HVAC/Electrical,Unknown,,,,"ICP Score: 60.0, Tier: GOLD"
Total Energy Service,,HVAC/Electrical,Unknown,,,,"ICP Score: 60.0, Tier: GOLD"
Total Maintenance,,HVAC/Electrical,Unknown,,,,"ICP Score: 60.0, Tier: GOLD"
"Total Maintenance, Inc. - Bettendorf",,HVAC/Electrical,Unknown,,,,"ICP Score: 60.0, Tier: GOLD"
TOTAL HOME SOLUTIONS LLC,,HVAC/Electrical,Unknown,,,,"ICP Score: 59.8, Tier: SILVER"
Bennett Air Conditioning - Hampton,,HVAC/Electrical,Unknown,,,,"ICP Score: 58.8, Tier: SILVER"
ISAAC HEATING AND AIR CONDITIONING,http://www.isaacheating.com/,HVAC/Electrical,Unknown,,,,"ICP Score: 58.8, Tier: SILVER"
MID ATLANTIC GENERATORS LLC,,HVAC/Electrical,Unknown,,,,"ICP Score: 58.8, Tier: SILVER"
"RALCO ELECTRIC, INC.",https://www.ralcoelectric.com/,HVAC/Electrical,Unknown,,,,"ICP Score: 58.8, Tier: SILVER"
SYSTEMATIC CONTROL CORPORATION,https://www.systemmaticcontrol.com/,HVAC/Electrical,Unknown,,,,"ICP Score: 58.8, Tier: SILVER"
TEXAS ELITE GENERATORS,https://www.texaselitegenerators.com/,HVAC/Electrical,Unknown,,,,"ICP Score: 58.8, Tier: SILVER"
ACREE PLUMBING AIR & ELECTRIC,https://trustacree.com/,HVAC/Electrical,Unknown,,,,"ICP Score: 58.8, Tier: SILVER"
ALL PHASE ELECTRIC CO,https://www.allphaseelectrico.com/,HVAC/Electrical,Unknown,,,,"ICP Score: 58.8, Tier: SILVER"
ALL TRADES MECHANICAL CONTRACTING,,HVAC/Electrical,Unknown,,,,"ICP Score: 58.8, Tier: SILVER"
COMPLETE ENVIRONMENTAL SOLUTION LLC,https://completeenvirosolutions.com/,HVAC/Electrical,Unknown,,,,"ICP Score: 58.8, Tier: SILVER"
COMPLETE POWER RESOURCES,,HVAC/Electrical,Unknown,,,,"ICP Score: 58.8, Tier: SILVER"
COMPLETE POWER RESOURCES,,HVAC/Electrical,Unknown,,,,"ICP Score: 58.8, Tier: SILVER"
RAVINIA PLUMBING HEATING & ELECTRIC,https://www.raviniaplumbing.com/,HVAC/Electrical,Unknown,,,,"ICP Score: 58.8, Tier: SILVER"
Aquarius Home Services - Little Canada,https://aquariushomeservices.com/,HVAC/Electrical,Unknown,,,,"ICP Score: 57.2, Tier: SILVER"
"LANTZ HOME SERVICES, INC.",https://lantzhomeservices.com/,HVAC/Electrical,Unknown,,,,"ICP Score: 57.2, Tier: SILVER"
PETRO HOME SERVICES,https://www.petro.com/locations/warwick-ri,HVAC/Electrical,Unknown,,,,"ICP Score: 57.2, Tier: SILVER"
Triumph Home Services,,HVAC/Electrical,Unknown,,,,"ICP Score: 57.2, Tier: SILVER"
"AIRPORT ELECTRIC SERVICE, INC",https://airportelectricservice.com/,HVAC/Electrical,Unknown,,,,"ICP Score: 56.2, Tier: SILVER"
ALL AMERICAN ELECTRIC SERVICE LLC,https://allamericanelectricllc.generacdealers.com/,HVAC/Electrical,Unknown,,,,"ICP Score: 56.2, Tier: SILVER"
"ALPINE ELECTRICAL SERVICES, INC.",https://www.alpinegenerators.com/,HVAC/Electrical,Unknown,,,,"ICP Score: 56.2, Tier: SILVER"
"AMERICAN GENERATOR SERVICES NA, LLC",https://ags-na.com/,HVAC/Electrical,Unknown,,,,"ICP Score: 56.2, Tier: SILVER"
ASC Allen Service Co,,HVAC/Electrical,Unknown,,,,"ICP Score: 56.2, Tier: SILVER"
Ace Energy Services,,HVAC/Electrical,Unknown,,,,"ICP Score: 56.2, Tier: SILVER"
"Air Solutions Heating, Cooling, Plumbing & Electrical",,HVAC/Electrical,Unknown,,,,"ICP Score: 56.2, Tier: SILVER"
Airco Service Inc.,https://york.dispatch.me/booking/times?externalorganizationid=200412686&optional_checked=true,HVAC/Electrical,Unknown,,,,"ICP Score: 56.2, Tier: SILVER"
Airco Service NWA,https://york.dispatch.me/booking/times?externalorganizationid=200413218&optional_checked=true,HVAC/Electrical,Unknown,,,,"ICP Score: 56.2, Tier: SILVER"
"Airco Service, Inc",https://york.dispatch.me/booking/times?externalorganizationid=200414904&optional_checked=true,HVAC/Electrical,Unknown,,,,"ICP Score: 56.2, Tier: SILVER"
"Airco Service, Inc",https://york.dispatch.me/booking/times?externalorganizationid=200413215&optional_checked=true,HVAC/Electrical,Unknown,,,,"ICP Score: 56.2, Tier: SILVER"
"Airco Service, Inc Edmond",https://york.dispatch.me/booking/times?externalorganizationid=200413214&optional_checked=true,HVAC/Electrical,Unknown,,,,"ICP Score: 56.2, Tier: SILVER"
BENISON ENERGY SERVICES INC,,HVAC/Electrical,Unknown,,,,"ICP Score: 56.2, Tier: SILVER"
BLUE CHIP ENERGY SERVICES,http://www.leitnerelectric.com/,HVAC/Electrical,Unknown,,,,"ICP Score: 56.2, Tier: SILVER"
BOLTON CONSTRUCTION & SERVICE,https://york.dispatch.me/booking/times?externalorganizationid=200411214&optional_checked=true,HVAC/Electrical,Unknown,,,,"ICP Score: 56.2, Tier: SILVER"
BOOKER ELECTRICAL SERVICES INC.,https://www.bookerelectric.com/,HVAC/Electrical,Unknown,,,,"ICP Score: 56.2, Tier: SILVER"
BROOK FIELD SERVICE,,HVAC/Electrical,Unknown,,,,"ICP Score: 56.2, Tier: SILVER"
Beard Services,https://york.dispatch.me/booking/times?externalorganizationid=200410527&optional_checked=true,HVAC/Electrical,Unknown,,,,"ICP Score: 56.2, Tier: SILVER"
Borchers Mechanical Services Inc.,https://york.dispatch.me/booking/times?externalorganizationid=200413071&optional_checked=true,HVAC/Electrical,Unknown,,,,"ICP Score: 56.2, Tier: SILVER"
Bradberry Service Co.,,HVAC/Electrical,Unknown,,,,"ICP Score: 56.2, Tier: SILVER"
"CATES A/C & HTG SERVICE, INC",https://york.dispatch.me/booking/times?externalorganizationid=2158&optional_checked=true,HVAC/Electrical,Unknown,,,,"ICP Score: 56.2, Tier: SILVER"
CG PROFESSIONAL SERVICES,https://powerproteam.com/,HVAC/Electrical,Unknown,,,,"ICP Score: 56.2, Tier: SILVER"
CIRCLE GENERATOR SERVICE INC,https://www.circlegenerators.biz/,HVAC/Electrical,Unknown,,,,"ICP Score: 56.2, Tier: SILVER"
CUSTOM MECHANICAL SERVICES,https://york.dispatch.me/booking/times?externalorganizationid=237&optional_checked=true,HVAC/Electrical,Unknown,,,,"ICP Score: 56.2, Tier: SILVER"
CV WIND SERVICE,http://www.offgridvermont.com/,HVAC/Electrical,Unknown,,,,"ICP Score: 56.2, Tier: SILVER"
D & I Repair Inc,https://york.dispatch.me/booking/times?externalorganizationid=200405071&optional_checked=true,HVAC/Electrical,Unknown,,,,"ICP Score: 56.2, Tier: SILVER"
D&G AC Services,https://york.dispatch.me/booking/times?externalorganizationid=200413796&optional_checked=true,HVAC/Electrical,Unknown,,,,"ICP Score: 56.2, Tier: SILVER"
Durham Service Company,https://york.dispatch.me/booking/times?externalorganizationid=200414134&optional_checked=true,HVAC/Electrical,Unknown,,,,"ICP Score: 56.2, Tier: SILVER"
Efficient Air Service,,HVAC/Electrical,Unknown,,,,"ICP Score: 56.2, Tier: SILVER"
"FIREPLACE & GAS SERVICES , INC.",https://www.fireplaceandgas.com/,HVAC/Electrical,Unknown,,,,"ICP Score: 56.2, Tier: SILVER"
FOX SERVICE COMPANY,https://www.foxservice.com/,HVAC/Electrical,Unknown,,,,"ICP Score: 56.2, Tier: SILVER"
"FRANK GAY SERVICES, LLC",https://frankgayservices.com/,HVAC/Electrical,Unknown,,,,"ICP Score: 56.2, Tier: SILVER"
"Ferran Services & Contracting, Inc.",,HVAC/Electrical,Unknown,,,,"ICP Score: 56.2, Tier: SILVER"
GAC SERVICES,https://www.gacservices.com/generators,HVAC/Electrical,Unknown,,,,"ICP Score: 56.2, Tier: SILVER"
Gabe's Priority AC Service,https://york.dispatch.me/booking/times?externalorganizationid=200412421&optional_checked=true,HVAC/Electrical,Unknown,,,,"ICP Score: 56.2, Tier: SILVER"
Gillette Services,,HVAC/Electrical,Unknown,,,,"ICP Score: 56.2, Tier: SILVER"
Grissom Brother Service Co,http://www.grissomservice.com/?utm_source=carrier&utm_medium=referral&utm_campaign=locator&dealerId=163443,HVAC/Electrical,Unknown,,,,"ICP Score: 56.2, Tier: SILVER"
HUNTER SERVICE GROUP,https://www.hunterservicegroup.com/,HVAC/Electrical,Unknown,,,,"ICP Score: 56.2, Tier: SILVER"
Hawks Services Llc,https://york.dispatch.me/booking/times?externalorganizationid=200406895&optional_checked=true,HVAC/Electrical,Unknown,,,,"ICP Score: 56.2, Tier: SILVER"
"JBD Air Conditioning & Heating Services, Inc.",https://jbdhvac.com/?utm_source=carrier&utm_medium=referral&utm_campaign=locator&dealerId=9023028,HVAC/Electrical,Unknown,,,,"ICP Score: 56.2, Tier: SILVER"
JBI SERVICES LLC,https://www.jbigenerators.com/,HVAC/Electrical,Unknown,,,,"ICP Score: 56.2, Tier: SILVER"
JL Appliance Services,https://york.dispatch.me/booking/times?externalorganizationid=200414413&optional_checked=true,HVAC/Electrical,Unknown,,,,"ICP Score: 56.2, Tier: SILVER"
Juscardcelectric Service LLC,,HVAC/Electrical,Unknown,,,,"ICP Score: 56.2, Tier: SILVER"
LAKELAND GENERATOR SERVICE INC.,http://www.lakelandgenerator.com/,HVAC/Electrical,Unknown,,,,"ICP Score: 56.2, Tier: SILVER"
LONG ISLAND EMERGENCY POWER,,HVAC/Electrical,Unknown,,,,"ICP Score: 56.2, Tier: SILVER"
Lakeside Service Co,http://www.lakesideservice.com/?utm_source=carrier&utm_medium=referral&utm_campaign=locator&dealerId=5319,HVAC/Electrical,Unknown,,,,"ICP Score: 56.2, Tier: SILVER"
MGI Mechanical Services,,HVAC/Electrical,Unknown,,,,"ICP Score: 56.2, Tier: SILVER"
Maintenance First,https://york.dispatch.me/booking/times?externalorganizationid=200407236&optional_checked=true,HVAC/Electrical,Unknown,,,,"ICP Score: 56.2, Tier: SILVER"
"Mattioni Services, Inc.",https://york.dispatch.me/booking/times?externalorganizationid=200413133&optional_checked=true,HVAC/Electrical,Unknown,,,,"ICP Score: 56.2, Tier: SILVER"
Mount Kisco Mechanical Service Corp,http://www.mountkiscomechanical.com/?utm_source=carrier&utm_medium=referral&utm_campaign=locator&dealerId=5753,HVAC/Electrical,Unknown,,,,"ICP Score: 56.2, Tier: SILVER"
Oak Electric Service Inc,,HVAC/Electrical,Unknown,,,,"ICP Score: 56.2, Tier: SILVER"
"PATRIOT SERVICES ELECTRIC, LLC",,HVAC/Electrical,Unknown,,,,"ICP Score: 56.2, Tier: SILVER"
"POWER OUTAGE SERVICES COMPANY, LLC",https://www.powerout.us/,HVAC/Electrical,Unknown,,,,"ICP Score: 56.2, Tier: SILVER"
PREMIER BUILDING SERVICES,https://york.dispatch.me/booking/times?externalorganizationid=200413399&optional_checked=true,HVAC/Electrical,Unknown,,,,"ICP Score: 56.2, Tier: SILVER"
Pcpi Services,https://york.dispatch.me/booking/times?externalorganizationid=200412154&optional_checked=true,HVAC/Electrical,Unknown,,,,"ICP Score: 56.2, Tier: SILVER"
Property Care Services LLC,https://york.dispatch.me/booking/times?externalorganizationid=200414055&optional_checked=true,HVAC/Electrical,Unknown,,,,"ICP Score: 56.2, Tier: SILVER"
"R.G. BEHERS ELECTRICAL SERVICE, INC",https://rgbeherselectric.com/,HVAC/Electrical,Unknown,,,,"ICP Score: 56.2, Tier: SILVER"
Refrigeration Services Inc.,https://york.dispatch.me/booking/times?externalorganizationid=200404689&optional_checked=true,HVAC/Electrical,Unknown,,,,"ICP Score: 56.2, Tier: SILVER"
Renewable Energy Services,,HVAC/Electrical,Unknown,,,,"ICP Score: 56.2, Tier: SILVER"
Rs Andrews Services,https://york.dispatch.me/booking/times?externalorganizationid=200403805&optional_checked=true,HVAC/Electrical,Unknown,,,,"ICP Score: 56.2, Tier: SILVER"
SATURN ELECTRICAL SERVICES,,HVAC/Electrical,Unknown,,,,"ICP Score: 56.2, Tier: SILVER"
SCOTT'S ELECTRICAL SERVICE LLC,https://www.ses-power.com/,HVAC/Electrical,Unknown,,,,"ICP Score: 56.2, Tier: SILVER"
SERVICE BY SHAWN,https://york.dispatch.me/booking/times?externalorganizationid=200413543&optional_checked=true,HVAC/Electrical,Unknown,,,,"ICP Score: 56.2, Tier: SILVER"
STG ELECTRIC SERVICES LLC,https://www.stgelectricservices.com/,HVAC/Electrical,Unknown,,,,"ICP Score: 56.2, Tier: SILVER"
STUD SERVICE CO,https://york.dispatch.me/booking/times?externalorganizationid=200413615&optional_checked=true,HVAC/Electrical,Unknown,,,,"ICP Score: 56.2, Tier: SILVER"
SUMMIT ELECTRICAL SERVICES,,HVAC/Electrical,Unknown,,,,"ICP Score: 56.2, Tier: SILVER"
SUNSHINE FUELS &ENERGY SERVICES INC,https://www.sunshineoilco.com/,HVAC/Electrical,Unknown,,,,"ICP Score: 56.2, Tier: SILVER"
Slebodnik Services,https://york.dispatch.me/booking/times?externalorganizationid=200409916&optional_checked=true,HVAC/Electrical,Unknown,,,,"ICP Score: 56.2, Tier: SILVER"
TECH SERVICES,https://www.techservicesspecialties.com/,HVAC/Electrical,Unknown,,,,"ICP Score: 56.2, Tier: SILVER"
"TOTAL BUILDING SOLUTIONS, INC",,HVAC/Electrical,Unknown,,,,"ICP Score: 56.2, Tier: SILVER"
TOTAL POWER SOLUTIONS LLC.,https://www.totalpwrsolutions.com/,HVAC/Electrical,Unknown,,,,"ICP Score: 56.2, Tier: SILVER"
"TRI-COUNTY ELECTRIC SERVICE, INC.",https://www.tricountyelectricservice.com/,HVAC/Electrical,Unknown,,,,"ICP Score: 56.2, Tier: SILVER"
TRUPOWER GENERATOR SERVICE,https://trupowergeneratorservice.com/,HVAC/Electrical,Unknown,,,,"ICP Score: 56.2, Tier: SILVER"
Tiger Services,https://york.dispatch.me/booking/times?externalorganizationid=200413729&optional_checked=true,HVAC/Electrical,Unknown,,,,"ICP Score: 56.2, Tier: SILVER"
Total Comfort Solutions,,HVAC/Electrical,Unknown,,,,"ICP Score: 56.2, Tier: SILVER"
Total Energy Solutions - Broussard,https://www.totalenergysolutions.com/,HVAC/Electrical,Unknown,,,,"ICP Score: 56.2, Tier: SILVER"
Total Plumbing And Drains Solutions - Mooresville,https://www.totalplumgingpros.com/,HVAC/Electrical,Unknown,,,,"ICP Score: 56.2, Tier: SILVER"
Usa Hvac Services Llc,https://york.dispatch.me/booking/times?externalorganizationid=200405237&optional_checked=true,HVAC/Electrical,Unknown,,,,"ICP Score: 56.2, Tier: SILVER"
WEEKS SERVICE CO,https://weeksservicecompany.com/electrical/generator-installation/,HVAC/Electrical,Unknown,,,,"ICP Score: 56.2, Tier: SILVER"
mertens service Inc,https://york.dispatch.me/booking/times?externalorganizationid=574&optional_checked=true,HVAC/Electrical,Unknown,,,,"ICP Score: 56.2, Tier: SILVER"
GREEN TECH CONSTRUCTION LLC,https://www.gtconstruction.solar,HVAC/Electrical,Unknown,,info@gtconstruction.solar,,"ICP Score: 55.0, Tier: SILVER"
Red Star Electric,https://redstarelectric.net/ev-charging/,HVAC/Electrical,Unknown,,EVCharging@redstarelectric.net,,"ICP Score: 55.0, Tier: SILVER"
ARC ELECTRIC AIR CONDITIONING & HEATING INC,https://york.dispatch.me/booking/times?externalorganizationid=744&optional_checked=true,HVAC/Electrical,Unknown,,,,"ICP Score: 55.0, Tier: SILVER"
"Allied Plumbing, Heating & Air",https://york.dispatch.me/booking/times?externalorganizationid=200413213&optional_checked=true,HVAC/Electrical,Unknown,,,,"ICP Score: 55.0, Tier: SILVER"
"Cellino Plumbing, Heating & Cooling",,HVAC/Electrical,Unknown,,,,"ICP Score: 55.0, Tier: SILVER"
Climate Masters & Electric Company Inc.,,HVAC/Electrical,Unknown,,,,"ICP Score: 55.0, Tier: SILVER"
Dick Ray Master Plumber,https://york.dispatch.me/booking/times?externalorganizationid=200409527&optional_checked=true,HVAC/Electrical,Unknown,,,,"ICP Score: 55.0, Tier: SILVER"
Duvall Plumbing H&c,https://york.dispatch.me/booking/times?externalorganizationid=200411232&optional_checked=true,HVAC/Electrical,Unknown,,,,"ICP Score: 55.0, Tier: SILVER"
HARRY CLARK PLUMBING AND HEATING,https://york.dispatch.me/booking/times?externalorganizationid=11298&optional_checked=true,HVAC/Electrical,Unknown,,,,"ICP Score: 55.0, Tier: SILVER"
Heating and Plumbing Engineers,https://york.dispatch.me/booking/times?externalorganizationid=200405923&optional_checked=true,HVAC/Electrical,Unknown,,,,"ICP Score: 55.0, Tier: SILVER"
"KEN HERBERT PLUMBING, LLC",https://york.dispatch.me/booking/times?externalorganizationid=200412877&optional_checked=true,HVAC/Electrical,Unknown,,,,"ICP Score: 55.0, Tier: SILVER"
KWIK SERVE PLUMBING,https://york.dispatch.me/booking/times?externalorganizationid=200414159&optional_checked=true,HVAC/Electrical,Unknown,,,,"ICP Score: 55.0, Tier: SILVER"
"Lawson Air Conditioning and Plumbing, Inc.",https://www.lawsonac.com/?utm_source=carrier&utm_medium=referral&utm_campaign=locator&dealerId=5352,HVAC/Electrical,Unknown,,,,"ICP Score: 55.0, Tier: SILVER"
Mullin Plumbing Inc.,https://york.dispatch.me/booking/times?externalorganizationid=200413530&optional_checked=true,HVAC/Electrical,Unknown,,,,"ICP Score: 55.0, Tier: SILVER"
PETRO PLUMBING & MECHANICAL,https://petroplumbingmechanical.com/,HVAC/Electrical,Unknown,,,,"ICP Score: 55.0, Tier: SILVER"
"PV Heating, Cooling & Plumbing",,HVAC/Electrical,Unknown,,,,"ICP Score: 55.0, Tier: SILVER"
Ravinia Plumbing & Heating,http://www.raviniaplumbing.com/?utm_source=carrier&utm_medium=referral&utm_campaign=locator&dealerId=73572,HVAC/Electrical,Unknown,,,,"ICP Score: 55.0, Tier: SILVER"
Raymond Plumbing and Heating Inc,https://www.raymondplumbing.com/?utm_source=carrier&utm_medium=referral&utm_campaign=locator&dealerId=6174,HVAC/Electrical,Unknown,,,,"ICP Score: 55.0, Tier: SILVER"
Rescue Air & Plumbing,https://york.dispatch.me/booking/times?externalorganizationid=200413705&optional_checked=true,HVAC/Electrical,Unknown,,,,"ICP Score: 55.0, Tier: SILVER"
Rogers Plumbing and Heating,https://york.dispatch.me/booking/times?externalorganizationid=200407865&optional_checked=true,HVAC/Electrical,Unknown,,,,"ICP Score: 55.0, Tier: SILVER"
STEPHENS PLUMBING,https://york.dispatch.me/booking/times?externalorganizationid=3468&optional_checked=true,HVAC/Electrical,Unknown,,,,"ICP Score: 55.0, Tier: SILVER"
"Siemer Heating, Cooling & Plumbing",https://siemerinc.com/?utm_source=carrier&utm_medium=referral&utm_campaign=locator&dealerId=6545,HVAC/Electrical,Unknown,,,,"ICP Score: 55.0, Tier: SILVER"
Home Maintenance Services,,HVAC/Electrical,Unknown,,,,"ICP Score: 54.8, Tier: SILVER"
"ABLE BUSINESS SERVICES, INC.",https://www.ablebusinessservices.com/,HVAC/Electrical,Unknown,,,,"ICP Score: 54.5, Tier: SILVER"
ACS COMMERCIAL SERVICES LLC,https://acsfixit.com/,HVAC/Electrical,Unknown,,,,"ICP Score: 54.5, Tier: SILVER"
COMMERCIAL EQUIPMENT SERVICE INC.,,HVAC/Electrical,Unknown,,,,"ICP Score: 54.5, Tier: SILVER"
Commercial Refrigeration Service Inc,,HVAC/Electrical,Unknown,,,,"ICP Score: 54.5, Tier: SILVER"
INDUSTRIAL PIPING & MAINTENANCE,,HVAC/Electrical,Unknown,,,,"ICP Score: 54.5, Tier: SILVER"
Soga Industrial Diesel Repair - Nashville,,HVAC/Electrical,Unknown,,,,"ICP Score: 54.5, Tier: SILVER"
4TH GENERATION ELECTRIC INC,https://www.4thgenerationelectric.net/,HVAC/Electrical,Unknown,,,,"ICP Score: 54.0, Tier: SILVER"
907 Solar,,HVAC/Electrical,Unknown,,,,"ICP Score: 54.0, Tier: SILVER"
A WIRING MAN,https://www.awiringman.com/,HVAC/Electrical,Unknown,,,,"ICP Score: 54.0, Tier: SILVER"
"A. C. POWER SOLUTIONS, INC",,HVAC/Electrical,Unknown,,,,"ICP Score: 54.0, Tier: SILVER"
A1 PLUS ELECTRICAL LLC,,HVAC/Electrical,Unknown,,,,"ICP Score: 54.0, Tier: SILVER"
"AAA GENERATOR, INC.",https://www.aaagenerator.com/,HVAC/Electrical,Unknown,,,,"ICP Score: 54.0, Tier: SILVER"
ABC Solar Incorporated,,HVAC/Electrical,Unknown,,,,"ICP Score: 54.0, Tier: SILVER"
ABSOLUTE ELEC CONTRACT & DESIGN LLC,https://www.absoluteelectricalcontractinganddesign.com/,HVAC/Electrical,Unknown,,,,"ICP Score: 54.0, Tier: SILVER"
ACCORD POWER INC,http://www.accordpower.com/,HVAC/Electrical,Unknown,,,,"ICP Score: 54.0, Tier: SILVER"
ADVANCED GAS & GENERATOR CONTRACTOR,https://www.totalpowergenerators.com/,HVAC/Electrical,Unknown,,,,"ICP Score: 54.0, Tier: SILVER"
AEGIS,http://www.aegis-solar.com/,HVAC/Electrical,Unknown,,,,"ICP Score: 54.0, Tier: SILVER"
AFFILIATED ELECT & GEN SYSTEMS LLC,,HVAC/Electrical,Unknown,,,,"ICP Score: 54.0, Tier: SILVER"
"AIR AND WATER SOLUTIONS - ROGERSVILLE, MO",http://www.airwatersolutions.com/,HVAC/Electrical,Unknown,,,,"ICP Score: 54.0, Tier: SILVER"
AIR GROUP LLC,https://www.airgroupllc.com/,HVAC/Electrical,Unknown,,,,"ICP Score: 54.0, Tier: SILVER"
"AIR QUALITY CONTROL, INC",https://www.aqc-fl.com/,HVAC/Electrical,Unknown,,,,"ICP Score: 54.0, Tier: SILVER"
AIR TECHS OF HOUSTON LLC,https://www.airtechofhouston.com/,HVAC/Electrical,Unknown,,,,"ICP Score: 54.0, Tier: SILVER"
AL ELECTRIC INC,https://al2generator.com/,HVAC/Electrical,Unknown,,,,"ICP Score: 54.0, Tier: SILVER"
ALL-WEATHER INC,https://www.all-weathergenerators.com/,HVAC/Electrical,Unknown,,,,"ICP Score: 54.0, Tier: SILVER"
ALTERNATING CURRENTS CORP,https://www.altcur.com/,HVAC/Electrical,Unknown,,,,"ICP Score: 54.0, Tier: SILVER"
ALWAYS READY GENERATORS,https://www.alwaysreadygen.com/,HVAC/Electrical,Unknown,,,,"ICP Score: 54.0, Tier: SILVER"
"AM ELECTRICAL SOLUTIONS, LLC",https://amelectricalsolutionsde.com/,HVAC/Electrical,Unknown,,,,"ICP Score: 54.0, Tier: SILVER"
AMPOWER INC.,,HVAC/Electrical,Unknown,,,,"ICP Score: 54.0, Tier: SILVER"
APPLIED SOLAR TECHNOLOGIES,http://www.onsemi.com/,HVAC/Electrical,Unknown,,,,"ICP Score: 54.0, Tier: SILVER"
